Collins,Spencer,scollins247
DeMaria,Noah,ndemaria772
Drew,Colton,cdrew780
Gintonio,Nicholas,ngintonio830
Hatch,Braxdan,bhatch136
Hinz,Kristen,khinz993
Lamm,Christopher,clamm889
Leo,Cody,cleo994
Lerouge,Alexandre,alerouge547
Lindquist,Zachary,zlindquist908
Markin,Megan,mmarkin387
McCawley,Kevin,kmccawley755
Myers,Brennan,bmyers367
Simerly,Kellie,ksimerly288
Sloane,Alyssa,asloane388
Suelter,Katherine,ksuelter938
Taylor,Ashton,ataylor867
Wang,Crystal,cwang992