Birkel,Zech,zbirkel854
Burchart,Joe,jburchart766
Davis,Carl,cdavis608
Dethlefs,Ryan,rdethlefs850
Ericksen,Zach,zeriksen787
Gaare,Lauren,lgaare761
Geiken,Lucas,lgeiken602
Hasty,Bobby,rhasty348
Jiang,Jay,jjiang511
Kotrous,Ben,bkotrous036
Niazi,Samir,sniazi542
Nielsen,Ryan,rnielsen267
Phillips,Luke,lphillips094
Rue,Spencer,srue954
Spady,Jack,jspady657
Stumpf,Christian,cstumpf845
Underwood,Drew,dunderwood781